{"ip":"61.73.180.153","total_conn":3,"suspicious":3,"benign":0,"conn_fail_ratio":1.0,"mean_orig_pkts":8.6666666667,"std_orig_pkts":0.4714045208,"pkt_consistency":0.0543928293,"unique_dest_ips":3,"dest_ip_ratio":1.0,"cluster":2}
{"ip":"61.73.180.35","total_conn":16,"suspicious":13,"benign":3,"conn_fail_ratio":0.8125,"mean_orig_pkts":7.1875,"std_orig_pkts":3.5919832614,"pkt_consistency":0.4997541929,"unique_dest_ips":15,"dest_ip_ratio":0.9375,"cluster":2}
{"ip":"112.173.186.44","total_conn":296,"suspicious":176,"benign":120,"conn_fail_ratio":0.5945945946,"mean_orig_pkts":6.2331081081,"std_orig_pkts":3.7878341618,"pkt_consistency":0.6076958872,"unique_dest_ips":263,"dest_ip_ratio":0.8885135135,"cluster":2}
{"ip":"107.194.251.143","total_conn":2,"suspicious":1,"benign":1,"conn_fail_ratio":0.5,"mean_orig_pkts":5.5,"std_orig_pkts":0.5,"pkt_consistency":0.0909090909,"unique_dest_ips":1,"dest_ip_ratio":0.5,"cluster":2}
{"ip":"61.73.180.60","total_conn":110,"suspicious":38,"benign":72,"conn_fail_ratio":0.3454545455,"mean_orig_pkts":8.4818181818,"std_orig_pkts":5.4217270281,"pkt_consistency":0.6392175489,"unique_dest_ips":100,"dest_ip_ratio":0.9090909091,"cluster":2}
{"ip":"122.179.27.118","total_conn":35,"suspicious":11,"benign":24,"conn_fail_ratio":0.3142857143,"mean_orig_pkts":3.4857142857,"std_orig_pkts":4.6437142066,"pkt_consistency":1.3322130921,"unique_dest_ips":35,"dest_ip_ratio":1.0,"cluster":2}
